<PAMDataset>
  <PAMRasterBand band="1">
    <Histograms>
      <HistItem>
        <HistMin>-0.25</HistMin>
        <HistMax>1.25</HistMax>
        <BucketCount>2</BucketCount>
        <IncludeOutOfRange>0</IncludeOutOfRange>
        <Approximate>0</Approximate>
        <HistCounts>44322|11544</HistCounts>
      </HistItem>
    </Histograms>
    <Metadata>
      <MDI key="STATISTICS_MAXIMUM">1</MDI>
      <MDI key="STATISTICS_MEAN">0.20663731070777</MDI>
      <MDI key="STATISTICS_MINIMUM">0</MDI>
      <MDI key="STATISTICS_STDDEV">0.4048929889875</MDI>
      <MDI key="STATISTICS_VALID_PERCENT">40.48</MDI>
    </Metadata>
  </PAMRasterBand>
</PAMDataset>
